{
    "precision": 0.5428074750108648,
    "recall": 0.8315579227696405,
    "fbeta": 0.6568498553773336
}